{
  "candidate": "stage3_notes\\candidates\\exp138_candidate_pairwise_positional_interaction_forwardfix_rerun.json",
  "tasks": {
    "user-churn": {
      "run_id": "EXP138",
      "log_path": "G:\\RelLLM-2\\Rel-LLM\\stage3_notes\\reports\\log_cache\\stage3-exp138.log",
      "metrics": {
        "average_precision": 0.693653147581452,
        "accuracy": 0.6494140625,
        "f1": 0.7608261159227182,
        "roc_auc": 0.6857617925542099
      },
      "comparison": {
        "primary_metric": "roc_auc",
        "current": 0.6857617925542099,
        "baseline": 0.6540209032382359,
        "signed_gain": 0.031740889315973964,
        "delta_threshold": 0.001,
        "noise_floor_delta": 0.002552699600237518,
        "effective_delta_threshold": 0.002552699600237518,
        "verdict": "better"
      }
    },
    "user-ltv": {
      "run_id": "EXP139",
      "log_path": "G:\\RelLLM-2\\Rel-LLM\\stage3_notes\\reports\\log_cache\\stage3-exp139.log",
      "metrics": {
        "r2": -0.12173902423158967,
        "mae": 76.88132114700508,
        "rmse": 149.5215527307712
      },
      "comparison": {
        "primary_metric": "mae",
        "current": 76.88132114700508,
        "baseline": 79.27257269903086,
        "signed_gain": 2.3912515520257784,
        "delta_threshold": 0.001,
        "noise_floor_delta": 6.511244718243262,
        "effective_delta_threshold": 6.511244718243262,
        "verdict": "neutral"
      }
    },
    "item-incoterms": {
      "run_id": "EXP140",
      "log_path": "G:\\RelLLM-2\\Rel-LLM\\stage3_notes\\reports\\log_cache\\stage3-exp140.log",
      "metrics": {
        "accuracy": 0.560546875,
        "macro_f1": 0.0718397997496871,
        "micro_f1": 0.560546875,
        "mrr": 0.6785764663938492
      },
      "comparison": {
        "primary_metric": "mrr",
        "current": 0.6785764663938492,
        "baseline": 0.8147880873466811,
        "signed_gain": -0.1362116209528319,
        "delta_threshold": 0.001,
        "noise_floor_delta": 0.013037038915945098,
        "effective_delta_threshold": 0.013037038915945098,
        "verdict": "worse"
      }
    }
  },
  "global_verdict": "failed"
}
