{
  "candidate": "stage3_notes\\candidates\\exp186_candidate_group_guided_prompt_routing.json",
  "tasks": {
    "user-churn": {
      "run_id": "EXP186",
      "log_path": "G:\\RelLLM-2\\Rel-LLM\\stage3_notes\\reports\\log_cache\\stage3-exp186.log",
      "metrics": {
        "average_precision": 0.689626057197749,
        "accuracy": 0.666015625,
        "f1": 0.7550143266475645,
        "roc_auc": 0.6841889309621224
      },
      "comparison": {
        "primary_metric": "roc_auc",
        "current": 0.6841889309621224,
        "baseline": 0.6540209032382359,
        "signed_gain": 0.030168027723886492,
        "delta_threshold": 0.001,
        "noise_floor_delta": 0.002552699600237518,
        "effective_delta_threshold": 0.002552699600237518,
        "verdict": "better"
      }
    },
    "user-ltv": {
      "run_id": "EXP187",
      "log_path": "G:\\RelLLM-2\\Rel-LLM\\stage3_notes\\reports\\log_cache\\stage3-exp187.log",
      "metrics": {
        "r2": -0.08403738161497887,
        "mae": 77.78193103098369,
        "rmse": 146.9873679621845
      },
      "comparison": {
        "primary_metric": "mae",
        "current": 77.78193103098369,
        "baseline": 79.27257269903086,
        "signed_gain": 1.490641668047175,
        "delta_threshold": 0.001,
        "noise_floor_delta": 6.511244718243262,
        "effective_delta_threshold": 6.511244718243262,
        "verdict": "neutral"
      }
    },
    "item-incoterms": {
      "run_id": "EXP188",
      "log_path": "G:\\RelLLM-2\\Rel-LLM\\stage3_notes\\reports\\log_cache\\stage3-exp188.log",
      "metrics": {
        "accuracy": 0.560546875,
        "macro_f1": 0.0718397997496871,
        "micro_f1": 0.560546875,
        "mrr": 0.6782075427827381
      },
      "comparison": {
        "primary_metric": "mrr",
        "current": 0.6782075427827381,
        "baseline": 0.8147880873466811,
        "signed_gain": -0.13658054456394297,
        "delta_threshold": 0.001,
        "noise_floor_delta": 0.013037038915945098,
        "effective_delta_threshold": 0.013037038915945098,
        "verdict": "worse"
      }
    }
  },
  "global_verdict": "failed"
}
