{
  "candidate": "stage3_notes\\candidates\\exp165_shared_prefix_rank_auxiliary.json",
  "tasks": {
    "user-churn": {
      "run_id": "EXP165",
      "log_path": "G:\\RelLLM-2\\Rel-LLM\\stage3_notes\\reports\\log_cache\\stage3-exp165.log",
      "metrics": {
        "average_precision": 0.7010961272748281,
        "accuracy": 0.64453125,
        "f1": 0.7576564580559254,
        "roc_auc": 0.6901716666080507
      },
      "comparison": {
        "primary_metric": "roc_auc",
        "current": 0.6901716666080507,
        "baseline": 0.6540209032382359,
        "signed_gain": 0.03615076336981482,
        "delta_threshold": 0.001,
        "noise_floor_delta": 0.002552699600237518,
        "effective_delta_threshold": 0.002552699600237518,
        "verdict": "better"
      }
    },
    "user-ltv": {
      "run_id": "EXP166",
      "log_path": "G:\\RelLLM-2\\Rel-LLM\\stage3_notes\\reports\\log_cache\\stage3-exp166.log",
      "metrics": {
        "r2": -0.257243272396539,
        "mae": 82.67677471245727,
        "rmse": 142.0412827092452
      },
      "comparison": {
        "primary_metric": "mae",
        "current": 82.67677471245727,
        "baseline": 79.27257269903086,
        "signed_gain": -3.4042020134264135,
        "delta_threshold": 0.001,
        "noise_floor_delta": 6.511244718243262,
        "effective_delta_threshold": 6.511244718243262,
        "verdict": "neutral"
      }
    },
    "item-incoterms": {
      "run_id": "EXP167",
      "log_path": "G:\\RelLLM-2\\Rel-LLM\\stage3_notes\\reports\\log_cache\\stage3-exp167.log",
      "metrics": {
        "accuracy": 0.6015625,
        "macro_f1": 0.1323765149333822,
        "micro_f1": 0.6015625,
        "mrr": 0.6993458581349206
      },
      "comparison": {
        "primary_metric": "mrr",
        "current": 0.6993458581349206,
        "baseline": 0.8147880873466811,
        "signed_gain": -0.1154422292117605,
        "delta_threshold": 0.001,
        "noise_floor_delta": 0.013037038915945098,
        "effective_delta_threshold": 0.013037038915945098,
        "verdict": "worse"
      }
    }
  },
  "global_verdict": "failed"
}
