{
  "candidate": "stage3_notes\\candidates\\exp129_candidate_pairwise_interaction_scalable_replay.json",
  "tasks": {
    "user-churn": {
      "run_id": "EXP129",
      "log_path": "G:\\RelLLM-2\\Rel-LLM\\stage3_notes\\reports\\log_cache\\stage3-exp129.log",
      "metrics": {
        "average_precision": 0.6959108457603717,
        "accuracy": 0.6376953125,
        "f1": 0.7557603686635944,
        "roc_auc": 0.6853104496625675
      },
      "comparison": {
        "primary_metric": "roc_auc",
        "current": 0.6853104496625675,
        "baseline": 0.6540209032382359,
        "signed_gain": 0.03128954642433157,
        "delta_threshold": 0.001,
        "noise_floor_delta": 0.002552699600237518,
        "effective_delta_threshold": 0.002552699600237518,
        "verdict": "better"
      }
    },
    "user-ltv": {
      "run_id": "EXP130",
      "log_path": "G:\\RelLLM-2\\Rel-LLM\\stage3_notes\\reports\\log_cache\\stage3-exp130.log",
      "metrics": {
        "r2": -0.04421898262452095,
        "mae": 75.82281380551868,
        "rmse": 144.26257370726995
      },
      "comparison": {
        "primary_metric": "mae",
        "current": 75.82281380551868,
        "baseline": 79.27257269903086,
        "signed_gain": 3.4497588935121826,
        "delta_threshold": 0.001,
        "noise_floor_delta": 6.511244718243262,
        "effective_delta_threshold": 6.511244718243262,
        "verdict": "neutral"
      }
    },
    "item-incoterms": {
      "run_id": "EXP131",
      "log_path": "G:\\RelLLM-2\\Rel-LLM\\stage3_notes\\reports\\log_cache\\stage3-exp131.log",
      "metrics": {
        "accuracy": 0.560546875,
        "macro_f1": 0.0718397997496871,
        "micro_f1": 0.560546875,
        "mrr": 0.6933005877585956
      },
      "comparison": {
        "primary_metric": "mrr",
        "current": 0.6933005877585956,
        "baseline": 0.8147880873466811,
        "signed_gain": -0.12148749958808547,
        "delta_threshold": 0.001,
        "noise_floor_delta": 0.013037038915945098,
        "effective_delta_threshold": 0.013037038915945098,
        "verdict": "worse"
      }
    }
  },
  "global_verdict": "failed"
}
