{
  "candidate": "stage3_notes\\candidates\\exp168_autocomplete_late_interaction_scorer.json",
  "tasks": {
    "user-churn": {
      "run_id": "EXP168",
      "log_path": "G:\\RelLLM-2\\Rel-LLM\\stage3_notes\\reports\\log_cache\\stage3-exp168.log",
      "metrics": {
        "average_precision": 0.6946536671904824,
        "accuracy": 0.6416015625,
        "f1": 0.7554963357761493,
        "roc_auc": 0.6888469459130999
      },
      "comparison": {
        "primary_metric": "roc_auc",
        "current": 0.6888469459130999,
        "baseline": 0.6540209032382359,
        "signed_gain": 0.034826042674864,
        "delta_threshold": 0.001,
        "noise_floor_delta": 0.002552699600237518,
        "effective_delta_threshold": 0.002552699600237518,
        "verdict": "better"
      }
    },
    "user-ltv": {
      "run_id": "EXP169",
      "log_path": "G:\\RelLLM-2\\Rel-LLM\\stage3_notes\\reports\\log_cache\\stage3-exp169.log",
      "metrics": {
        "r2": -0.14079958117948088,
        "mae": 78.29212675422431,
        "rmse": 135.30367787569554
      },
      "comparison": {
        "primary_metric": "mae",
        "current": 78.29212675422431,
        "baseline": 79.27257269903086,
        "signed_gain": 0.9804459448065472,
        "delta_threshold": 0.001,
        "noise_floor_delta": 6.511244718243262,
        "effective_delta_threshold": 6.511244718243262,
        "verdict": "neutral"
      }
    },
    "item-incoterms": {
      "run_id": "EXP170",
      "log_path": "G:\\RelLLM-2\\Rel-LLM\\stage3_notes\\reports\\log_cache\\stage3-exp170.log",
      "metrics": {
        "accuracy": 0.6025390625,
        "macro_f1": 0.1168646489921827,
        "micro_f1": 0.6025390625,
        "mrr": 0.7227430555555556
      },
      "comparison": {
        "primary_metric": "mrr",
        "current": 0.7227430555555556,
        "baseline": 0.8147880873466811,
        "signed_gain": -0.09204503179112544,
        "delta_threshold": 0.001,
        "noise_floor_delta": 0.013037038915945098,
        "effective_delta_threshold": 0.013037038915945098,
        "verdict": "worse"
      }
    }
  },
  "global_verdict": "failed"
}
