{
  "candidate": "stage3_notes\\candidates\\exp141_candidate_pairwise_query_conditioned_interaction.json",
  "tasks": {
    "user-churn": {
      "run_id": "EXP141",
      "log_path": "G:\\RelLLM-2\\Rel-LLM\\stage3_notes\\reports\\log_cache\\stage3-exp141.log",
      "metrics": {
        "average_precision": 0.7041466419405796,
        "accuracy": 0.6494140625,
        "f1": 0.7572684246112238,
        "roc_auc": 0.6912892775778322
      },
      "comparison": {
        "primary_metric": "roc_auc",
        "current": 0.6912892775778322,
        "baseline": 0.6540209032382359,
        "signed_gain": 0.03726837433959629,
        "delta_threshold": 0.001,
        "noise_floor_delta": 0.002552699600237518,
        "effective_delta_threshold": 0.002552699600237518,
        "verdict": "better"
      }
    },
    "user-ltv": {
      "run_id": "EXP142",
      "log_path": "G:\\RelLLM-2\\Rel-LLM\\stage3_notes\\reports\\log_cache\\stage3-exp142.log",
      "metrics": {
        "r2": -0.12130674121794516,
        "mae": 79.37475268162555,
        "rmse": 149.49273949776486
      },
      "comparison": {
        "primary_metric": "mae",
        "current": 79.37475268162555,
        "baseline": 79.27257269903086,
        "signed_gain": -0.10217998259469141,
        "delta_threshold": 0.001,
        "noise_floor_delta": 6.511244718243262,
        "effective_delta_threshold": 6.511244718243262,
        "verdict": "neutral"
      }
    },
    "item-incoterms": {
      "run_id": "EXP143",
      "log_path": "G:\\RelLLM-2\\Rel-LLM\\stage3_notes\\reports\\log_cache\\stage3-exp143.log",
      "metrics": {
        "accuracy": 0.560546875,
        "macro_f1": 0.0718397997496871,
        "micro_f1": 0.560546875,
        "mrr": 0.6785764663938492
      },
      "comparison": {
        "primary_metric": "mrr",
        "current": 0.6785764663938492,
        "baseline": 0.8147880873466811,
        "signed_gain": -0.1362116209528319,
        "delta_threshold": 0.001,
        "noise_floor_delta": 0.013037038915945098,
        "effective_delta_threshold": 0.013037038915945098,
        "verdict": "worse"
      }
    }
  },
  "global_verdict": "failed"
}
