{
  "candidate": "stage3_notes\\candidates\\exp171_batched_shared_prefix_hybrid_scorer.json",
  "tasks": {
    "user-churn": {
      "run_id": "EXP171",
      "log_path": "G:\\RelLLM-2\\Rel-LLM\\stage3_notes\\reports\\log_cache\\stage3-exp171.log",
      "metrics": {
        "average_precision": 0.6957868859789716,
        "accuracy": 0.6494140625,
        "f1": 0.7585743106926698,
        "roc_auc": 0.6906093324423707
      },
      "comparison": {
        "primary_metric": "roc_auc",
        "current": 0.6906093324423707,
        "baseline": 0.6540209032382359,
        "signed_gain": 0.03658842920413474,
        "delta_threshold": 0.001,
        "noise_floor_delta": 0.002552699600237518,
        "effective_delta_threshold": 0.002552699600237518,
        "verdict": "better"
      }
    },
    "user-ltv": {
      "run_id": "EXP172",
      "log_path": "G:\\RelLLM-2\\Rel-LLM\\stage3_notes\\reports\\log_cache\\stage3-exp172.log",
      "metrics": {
        "r2": -0.21918498204541437,
        "mae": 80.68303950697185,
        "rmse": 139.8748801994279
      },
      "comparison": {
        "primary_metric": "mae",
        "current": 80.68303950697185,
        "baseline": 79.27257269903086,
        "signed_gain": -1.4104668079409919,
        "delta_threshold": 0.001,
        "noise_floor_delta": 6.511244718243262,
        "effective_delta_threshold": 6.511244718243262,
        "verdict": "neutral"
      }
    },
    "item-incoterms": {
      "run_id": "EXP173",
      "log_path": "G:\\RelLLM-2\\Rel-LLM\\stage3_notes\\reports\\log_cache\\stage3-exp173.log",
      "metrics": {
        "accuracy": 0.5703125,
        "macro_f1": 0.10059490084985837,
        "micro_f1": 0.5703125,
        "mrr": 0.7078466021825397
      },
      "comparison": {
        "primary_metric": "mrr",
        "current": 0.7078466021825397,
        "baseline": 0.8147880873466811,
        "signed_gain": -0.10694148516414137,
        "delta_threshold": 0.001,
        "noise_floor_delta": 0.013037038915945098,
        "effective_delta_threshold": 0.013037038915945098,
        "verdict": "worse"
      }
    }
  },
  "global_verdict": "failed"
}
