{
  "candidate": "stage3_notes\\candidates\\exp198_constraint_conservation_gated_amazon_transfer.json",
  "tasks": {
    "user-churn": {
      "run_id": "EXP198",
      "log_path": "stage3_notes\\reports\\log_cache\\stage3-exp198.log",
      "metrics": {
        "average_precision": 0.6916530853848883,
        "accuracy": 0.65625,
        "f1": 0.7749360613810742,
        "roc_auc": 0.6333745404337985
      },
      "comparison": {
        "primary_metric": "roc_auc",
        "current": 0.6333745404337985,
        "baseline": 0.6540209032382359,
        "signed_gain": -0.020646362804437435,
        "delta_threshold": 0.001,
        "noise_floor_delta": 0.002552699600237518,
        "effective_delta_threshold": 0.002552699600237518,
        "verdict": "worse"
      },
      "screening_comparison": {
        "primary_metric": "roc_auc",
        "current": 0.6333745404337985,
        "baseline": 0.6540209032382359,
        "signed_gain": -0.020646362804437435,
        "delta_threshold": 0.001,
        "noise_floor_delta": 0.002552699600237518,
        "effective_delta_threshold": 0.002552699600237518,
        "verdict": "worse"
      },
      "reference_comparison": {
        "primary_metric": "roc_auc",
        "current": 0.6333745404337985,
        "baseline": 0.6918065868366201,
        "signed_gain": -0.058432046402821625,
        "verdict": "worse"
      },
      "advancement_assessment": {
        "recommendation": "drop",
        "reason": "current task evidence does not justify an Optuna-plus-full-test continuation."
      }
    },
    "user-ltv": {
      "run_id": "EXP199",
      "log_path": "stage3_notes\\reports\\log_cache\\stage3-exp199.log",
      "metrics": {
        "r2": -0.25979366191535913,
        "mae": 82.44562131792307,
        "rmse": 142.1852791322746
      },
      "comparison": {
        "primary_metric": "mae",
        "current": 82.44562131792307,
        "baseline": 79.27257269903086,
        "signed_gain": -3.17304861889221,
        "delta_threshold": 0.001,
        "noise_floor_delta": 6.511244718243262,
        "effective_delta_threshold": 6.511244718243262,
        "verdict": "neutral"
      },
      "screening_comparison": {
        "primary_metric": "mae",
        "current": 82.44562131792307,
        "baseline": 79.27257269903086,
        "signed_gain": -3.17304861889221,
        "delta_threshold": 0.001,
        "noise_floor_delta": 6.511244718243262,
        "effective_delta_threshold": 6.511244718243262,
        "verdict": "neutral"
      },
      "reference_comparison": {
        "primary_metric": "mae",
        "current": 82.44562131792307,
        "baseline": 16.671180345060154,
        "signed_gain": -65.77444097286292,
        "verdict": "worse"
      },
      "advancement_assessment": {
        "recommendation": "retune_plausible",
        "reason": "for user-ltv the screen metric scale is a reliable task-local gate even though its absolute magnitude differs sharply from full test, so non-regression on screen remains worth Optuna plus final full-test confirmation"
      }
    },
    "item-incoterms": {
      "run_id": "EXP200",
      "log_path": "stage3_notes\\reports\\log_cache\\stage3-exp200.log",
      "metrics": {
        "accuracy": 0.69921875,
        "macro_f1": 0.09144316730523627,
        "micro_f1": 0.69921875,
        "mrr": 0.7937578209550865
      },
      "comparison": {
        "primary_metric": "mrr",
        "current": 0.7937578209550865,
        "baseline": 0.8147880873466811,
        "signed_gain": -0.021030266391594554,
        "delta_threshold": 0.001,
        "noise_floor_delta": 0.013037038915945098,
        "effective_delta_threshold": 0.013037038915945098,
        "verdict": "worse"
      },
      "screening_comparison": {
        "primary_metric": "mrr",
        "current": 0.7937578209550865,
        "baseline": 0.8147880873466811,
        "signed_gain": -0.021030266391594554,
        "delta_threshold": 0.001,
        "noise_floor_delta": 0.013037038915945098,
        "effective_delta_threshold": 0.013037038915945098,
        "verdict": "worse"
      },
      "reference_comparison": {
        "primary_metric": "mrr",
        "current": 0.7937578209550865,
        "baseline": 0.7043105782857789,
        "signed_gain": 0.08944724266930759,
        "verdict": "better"
      },
      "advancement_assessment": {
        "recommendation": "promote",
        "reason": "full-test reference is already beaten on the task primary metric."
      }
    }
  },
  "global_verdict": "failed",
  "candidate_status": "retune_plausible"
}
