{
  "candidate": "stage3_notes\\candidates\\exp174_candidate_pairwise_poly_encoder.json",
  "tasks": {
    "user-churn": {
      "run_id": "EXP174",
      "log_path": "G:\\RelLLM-2\\Rel-LLM\\stage3_notes\\reports\\log_cache\\stage3-exp174.log",
      "metrics": {
        "average_precision": 0.6955263636934258,
        "accuracy": 0.65234375,
        "f1": 0.7775,
        "roc_auc": 0.6593831778701815
      },
      "comparison": {
        "primary_metric": "roc_auc",
        "current": 0.6593831778701815,
        "baseline": 0.6540209032382359,
        "signed_gain": 0.005362274631945607,
        "delta_threshold": 0.001,
        "noise_floor_delta": 0.002552699600237518,
        "effective_delta_threshold": 0.002552699600237518,
        "verdict": "better"
      }
    },
    "user-ltv": {
      "run_id": "EXP175",
      "log_path": "G:\\RelLLM-2\\Rel-LLM\\stage3_notes\\reports\\log_cache\\stage3-exp175.log",
      "metrics": {
        "r2": -0.19356479904194224,
        "mae": 82.46907187100966,
        "rmse": 154.23427096138067
      },
      "comparison": {
        "primary_metric": "mae",
        "current": 82.46907187100966,
        "baseline": 79.27257269903086,
        "signed_gain": -3.1964991719788003,
        "delta_threshold": 0.001,
        "noise_floor_delta": 6.511244718243262,
        "effective_delta_threshold": 6.511244718243262,
        "verdict": "neutral"
      }
    },
    "item-incoterms": {
      "run_id": "EXP176",
      "log_path": "G:\\RelLLM-2\\Rel-LLM\\stage3_notes\\reports\\log_cache\\stage3-exp176.log",
      "metrics": {
        "accuracy": 0.560546875,
        "macro_f1": 0.0718397997496871,
        "micro_f1": 0.560546875,
        "mrr": 0.6886574769631411
      },
      "comparison": {
        "primary_metric": "mrr",
        "current": 0.6886574769631411,
        "baseline": 0.8147880873466811,
        "signed_gain": -0.12613061038354,
        "delta_threshold": 0.001,
        "noise_floor_delta": 0.013037038915945098,
        "effective_delta_threshold": 0.013037038915945098,
        "verdict": "worse"
      }
    }
  },
  "global_verdict": "failed"
}
