{
  "candidate": "stage3_notes\\candidates\\exp189_candidate_pairwise_prefix_distilled.json",
  "tasks": {
    "user-churn": {
      "run_id": "EXP189",
      "log_path": "G:\\RelLLM-2\\Rel-LLM\\stage3_notes\\reports\\log_cache\\stage3-exp189.log",
      "metrics": {
        "average_precision": 0.6772381239893106,
        "accuracy": 0.623046875,
        "f1": 0.7541401273885351,
        "roc_auc": 0.6306934031178256
      },
      "comparison": {
        "primary_metric": "roc_auc",
        "current": 0.6306934031178256,
        "baseline": 0.6540209032382359,
        "signed_gain": -0.023327500120410294,
        "delta_threshold": 0.001,
        "noise_floor_delta": 0.002552699600237518,
        "effective_delta_threshold": 0.002552699600237518,
        "verdict": "worse"
      }
    },
    "user-ltv": {
      "run_id": "EXP190",
      "log_path": "G:\\RelLLM-2\\Rel-LLM\\stage3_notes\\reports\\log_cache\\stage3-exp190.log",
      "metrics": {
        "r2": -0.04303941722681537,
        "mae": 77.16605039620961,
        "rmse": 144.18107010220234
      },
      "comparison": {
        "primary_metric": "mae",
        "current": 77.16605039620961,
        "baseline": 79.27257269903086,
        "signed_gain": 2.106522302821247,
        "delta_threshold": 0.001,
        "noise_floor_delta": 6.511244718243262,
        "effective_delta_threshold": 6.511244718243262,
        "verdict": "neutral"
      }
    },
    "item-incoterms": {
      "run_id": "EXP191",
      "log_path": "G:\\RelLLM-2\\Rel-LLM\\stage3_notes\\reports\\log_cache\\stage3-exp191.log",
      "metrics": {
        "accuracy": 0.560546875,
        "macro_f1": 0.0718397997496871,
        "micro_f1": 0.560546875,
        "mrr": 0.6793995690724206
      },
      "comparison": {
        "primary_metric": "mrr",
        "current": 0.6793995690724206,
        "baseline": 0.8147880873466811,
        "signed_gain": -0.13538851827426046,
        "delta_threshold": 0.001,
        "noise_floor_delta": 0.013037038915945098,
        "effective_delta_threshold": 0.013037038915945098,
        "verdict": "worse"
      }
    }
  },
  "global_verdict": "failed"
}
