{
  "candidate": "stage3_notes\\candidates\\exp213_constraint_conservation_salt_postalign_only.json",
  "tasks": {
    "user-churn": {
      "run_id": "EXP213",
      "log_path": "stage3_notes\\reports\\log_cache\\stage3-exp213.log",
      "metrics": {
        "average_precision": 0.7095690195791697,
        "accuracy": 0.658203125,
        "f1": 0.7592847317744154,
        "roc_auc": 0.6569589159856792
      },
      "comparison": {
        "primary_metric": "roc_auc",
        "current": 0.6569589159856792,
        "baseline": 0.6540209032382359,
        "signed_gain": 0.0029380127474433193,
        "delta_threshold": 0.001,
        "noise_floor_delta": 0.002552699600237518,
        "effective_delta_threshold": 0.002552699600237518,
        "verdict": "better"
      },
      "screening_comparison": {
        "primary_metric": "roc_auc",
        "current": 0.6569589159856792,
        "baseline": 0.6540209032382359,
        "signed_gain": 0.0029380127474433193,
        "delta_threshold": 0.001,
        "noise_floor_delta": 0.002552699600237518,
        "effective_delta_threshold": 0.002552699600237518,
        "verdict": "better"
      },
      "reference_comparison": {
        "primary_metric": "roc_auc",
        "current": 0.6569589159856792,
        "baseline": 0.6918065868366201,
        "signed_gain": -0.03484767085094087,
        "verdict": "worse"
      },
      "advancement_assessment": {
        "recommendation": "drop",
        "reason": "current task evidence does not justify an Optuna-plus-full-test continuation."
      }
    },
    "user-ltv": {
      "run_id": "EXP214",
      "log_path": "stage3_notes\\reports\\log_cache\\stage3-exp214.log",
      "metrics": {
        "r2": 0.0307336145961018,
        "mae": 70.9812234421447,
        "rmse": 124.71724281213811
      },
      "comparison": {
        "primary_metric": "mae",
        "current": 70.9812234421447,
        "baseline": 79.27257269903086,
        "signed_gain": 8.291349256886164,
        "delta_threshold": 0.001,
        "noise_floor_delta": 6.511244718243262,
        "effective_delta_threshold": 6.511244718243262,
        "verdict": "better"
      },
      "screening_comparison": {
        "primary_metric": "mae",
        "current": 70.9812234421447,
        "baseline": 79.27257269903086,
        "signed_gain": 8.291349256886164,
        "delta_threshold": 0.001,
        "noise_floor_delta": 6.511244718243262,
        "effective_delta_threshold": 6.511244718243262,
        "verdict": "better"
      },
      "reference_comparison": {
        "primary_metric": "mae",
        "current": 70.9812234421447,
        "baseline": 16.671180345060154,
        "signed_gain": -54.310043097084545,
        "verdict": "worse"
      },
      "advancement_assessment": {
        "recommendation": "retune_plausible",
        "reason": "for user-ltv the screen metric scale is a reliable task-local gate even though its absolute magnitude differs sharply from full test, so non-regression on screen remains worth Optuna plus final full-test confirmation"
      }
    },
    "item-incoterms": {
      "run_id": "EXP215",
      "log_path": "stage3_notes\\reports\\log_cache\\stage3-exp215.log",
      "metrics": {
        "accuracy": 0.69921875,
        "macro_f1": 0.09144316730523627,
        "micro_f1": 0.69921875,
        "mrr": 0.7937578209550865
      },
      "comparison": {
        "primary_metric": "mrr",
        "current": 0.7937578209550865,
        "baseline": 0.8147880873466811,
        "signed_gain": -0.021030266391594554,
        "delta_threshold": 0.001,
        "noise_floor_delta": 0.013037038915945098,
        "effective_delta_threshold": 0.013037038915945098,
        "verdict": "worse"
      },
      "screening_comparison": {
        "primary_metric": "mrr",
        "current": 0.7937578209550865,
        "baseline": 0.8147880873466811,
        "signed_gain": -0.021030266391594554,
        "delta_threshold": 0.001,
        "noise_floor_delta": 0.013037038915945098,
        "effective_delta_threshold": 0.013037038915945098,
        "verdict": "worse"
      },
      "reference_comparison": {
        "primary_metric": "mrr",
        "current": 0.7937578209550865,
        "baseline": 0.7043105782857789,
        "signed_gain": 0.08944724266930759,
        "verdict": "better"
      },
      "advancement_assessment": {
        "recommendation": "promote",
        "reason": "full-test reference is already beaten on the task primary metric."
      }
    }
  },
  "global_verdict": "failed",
  "candidate_status": "retune_plausible"
}
