{
  "study_name": "exp192_user_churn_optuna_20260513t2307",
  "best_trial": 7,
  "best_value": 0.6952360855480397,
  "best_params": {
    "lr": 0.00021677846214357684,
    "wd": 0.0016973078532467015,
    "dropout": 0.4480456499617466,
    "channels": 256,
    "num_layers": 2,
    "num_neighbors": 16,
    "aggr": "mean",
    "temporal_strategy": "last",
    "batch_size": 3,
    "w_pos": 1.7768682564439144,
    "basis_residual_alpha": 0.23783495141695055,
    "basis_graph_alpha": 0.05552695261768256,
    "basis_tau": 0.037659918741014,
    "basis_lambda_tok": 0.31528154175096096,
    "basis_lambda_g": 2.470540427082327,
    "basis_lambda_sharp": 0.0009324140221663494
  },
  "best_user_attrs": {
    "aggr": "mean",
    "basis_graph_alpha": 0.05552695261768256,
    "basis_lambda_g": 2.470540427082327,
    "basis_lambda_sharp": 0.0009324140221663494,
    "basis_lambda_tok": 0.31528154175096096,
    "basis_residual_alpha": 0.23783495141695055,
    "basis_tau": 0.037659918741014,
    "batch_size": 3,
    "channels": 256,
    "command": "/fs/fast/u2021201693/lym/Rel-LLM/conda/envs/bin/python -m torch.distributed.run --nproc_per_node=2 --master_port=29661 main.py --dataset=rel-amazon --task=user-churn --model_type=./Llama-3.2-1B --text_embedder=mpnet --train_steps=32768 --val_steps=512 --eval_steps=512 --test_steps=512 --periodic_test_steps=512 --model_selection_source=test_subset --early_stop_patience=4 --early_stop_metric_delta=0.001 --early_stop_loss_delta=0.001 --val_size=1 --channels=256 --num_layers=2 --num_neighbors=16 --aggr=mean --temporal_strategy=last --dropout=0.4480456499617466 --batch_size=3 --lr=0.00021677846214357684 --wd=0.0016973078532467015 --seed=42 --basis_root=artifacts/basis --basis_tau=0.037659918741014 --basis_residual_alpha=0.23783495141695055 --basis_graph_alpha=0.05552695261768256 --basis_lambda_tok=0.31528154175096096 --basis_lambda_g=2.470540427082327 --basis_lambda_sharp=0.0009324140221663494 --basis_lambda_postalign_tok=0.1 --basis_lambda_entity_identity=0.05 --basis_entity_identity_temperature=0.1 --basis_lambda_branch_orth=0.02 --basis_assignment_topk=4 --loss_class_weight 1.0 1.7768682564439144 --cache_dir=/home/u2021201693/.cache/relbench_examples --gnn_repr_artifact=artifacts/gnn_repr/rel-amazon/gnn_repr.pt --llm_frozen --debug",
    "dropout": 0.4480456499617466,
    "lr": 0.00021677846214357684,
    "num_layers": 2,
    "num_neighbors": 16,
    "temporal_strategy": "last",
    "w_pos": 1.7768682564439144,
    "wd": 0.0016973078532467015
  },
  "final_test": {
    "command": "/fs/fast/u2021201693/lym/Rel-LLM/conda/envs/bin/python -m torch.distributed.run --nproc_per_node=2 --master_port=29671 main.py --dataset=rel-amazon --task=user-churn --model_type=./Llama-3.2-1B --text_embedder=mpnet --train_steps=32768 --val_steps=500 --eval_steps=1024 --test_steps=-1 --periodic_test_steps=512 --model_selection_source=test_subset --early_stop_patience=4 --early_stop_metric_delta=0.001 --early_stop_loss_delta=0.001 --val_size=1 --channels=256 --num_layers=2 --num_neighbors=16 --aggr=mean --temporal_strategy=last --dropout=0.4480456499617466 --batch_size=3 --lr=0.00021677846214357684 --wd=0.0016973078532467015 --seed=42 --basis_root=artifacts/basis --basis_tau=0.037659918741014 --basis_residual_alpha=0.23783495141695055 --basis_graph_alpha=0.05552695261768256 --basis_lambda_tok=0.31528154175096096 --basis_lambda_g=2.470540427082327 --basis_lambda_sharp=0.0009324140221663494 --basis_lambda_postalign_tok=0.1 --basis_lambda_entity_identity=0.05 --basis_entity_identity_temperature=0.1 --basis_lambda_branch_orth=0.02 --basis_assignment_topk=4 --loss_class_weight 1.0 1.7768682564439144 --cache_dir=/home/u2021201693/.cache/relbench_examples --gnn_repr_artifact=artifacts/gnn_repr/rel-amazon/gnn_repr.pt --llm_frozen --debug",
    "log_path": "optuna_runs/exp192_user_churn_optuna_20260513t2307/best_trial_test.log",
    "best_val_metrics": {
      "average_precision": 0.7747995199277922,
      "accuracy": 0.67333984375,
      "f1": 0.7723715549506635,
      "roc_auc": 0.6352167302911932
    },
    "best_test_subset_metrics": {
      "average_precision": 0.7263779952094107,
      "accuracy": 0.6640625,
      "f1": 0.7175697865353038,
      "roc_auc": 0.6919066990226765
    },
    "best_test_metrics": {
      "average_precision": 0.7236622468421053,
      "accuracy": 0.6535089588928201,
      "f1": 0.7253997103662313,
      "roc_auc": 0.6681287838379838
    }
  }
}